frequency,duration,pcid
49649485,23537891000.0,72
27524577,11864851000.0,68
17817583,5810193400.0,132
16776728,5133423600.0,272
14238724,6230138400.0,74
12417724,4717151000.0,584
12400876,3529236200.0,264
10555227,2862624500.0,144
10148903,2671199000.0,80
10051211,4417789400.0,580
9453333,2718190800.0,66
9008558,2061446300.0,576
8116480,2603744300.0,328
7966397,2985794800.0,70
7410315,3048988000.0,1096
6956005,2068162600.0,88
6525120,1618609300.0,520
6396203,1252890800.0,320
6295522,906574400.0,10
6244161,915700700.0,20
6085334,1047576800.0,36
6038701,1888507600.0,292
5878977,1141635100.0,260
5827161,1392054900.0,516
5348374,1644673300.0,84
5254838,870475900.0,18
5206905,1967602700.0,1098
4801976,856288300.0,288
4518164,1424665500.0,90
4516399,1207365900.0,336
4485265,1876773900.0,582
4424570,1158508200.0,274
4230084,547318140.0,6
4210851,545419260.0,24
4200116,1409221100.0,164
4199626,833284100.0,528
4190836,631184000.0,258
3985810,1092447900.0,196
3767267,1003203460.0,344
3721739,1129486100.0,276
3718685,779209600.0,1032
3683926,1312102500.0,644
3647529,1365617900.0,596
3638963,1222683800.0,598
3596319,1183857500.0,86
3549309,1206090800.0,586
3519399,968518340.0,346
3513720,1051703000.0,290
3463558,908572200.0,148
3419919,821053100.0,1088
3344492,711076200.0,136
3311959,1117792600.0,330
3311168,509157730.0,192
3300006,1140533800.0,1354
3247508,1028392260.0,592
3199815,913327200.0,578
3073799,456190530.0,514
3041963,817660000.0,82
3005247,704689540.0,858
2994770,1139239700.0,1352
2874850,707138500.0,280
2850617,485570980.0,160
2830454,426856540.0,34
2712296,361962620.0,640
2688293,581485250.0,145
2685006,627719900.0,600
2656164,298501600.0,5
2654050,798846100.0,1090
2654041,793310850.0,840
2637497,733091400.0,530
2615384,789147200.0,324
2594161,915925950.0,594
2582692,372403600.0,40
2557996,732806140.0,104
2467331,333447500.0,17
2414021,643114430.0,1370
2412294,761883200.0,548
2409615,531345700.0,208
2300089,274808600.0,768
2282478,709433400.0,585
2198469,422152320.0,856
2150638,629535800.0,1386
2149213,725973300.0,708
2137531,521083300.0,1288
2099800,546713000.0,602
2096010,341383500.0,96
2087438,439810400.0,266
2015239,575287200.0,322
1948468,517394270.0,212
1944570,328178200.0,544
1935650,393569570.0,133
1925374,575563500.0,296
1888966,511461570.0,338
1878454,253306180.0,1026
1874098,401943000.0,1114
1868916,453103400.0,282
1863101,233346720.0,129
1780496,206489490.0,1280
1765738,197645710.0,513
1759123,345623520.0,784
1748962,346627260.0,149
1694969,464144500.0,850
1677982,469949470.0,146
1605145,161368340.0,12
1603921,395769340.0,848
1583609,183430820.0,9
1579158,419684100.0,532
1574928,384985470.0,522
1572566,408687580.0,1106
1526698,371742200.0,854
1522067,249832910.0,2047
1495825,326299900.0,832
1487057,429596160.0,724
1480808,206284880.0,130
1479433,235005230.0,26
1477765,318030900.0,200
1476243,429382700.0,776
1435774,295524400.0,656
1410215,435994200.0,842
1379441,410712350.0,712
1374307,460061570.0,106
1349249,201528660.0,22
1345828,283980350.0,76
1340487,292903680.0,73
1290401,229319340.0,529
1282277,329428350.0,362
1266912,356989630.0,360
1222708,300561630.0,786
1217305,380642270.0,836
1212708,123511530.0,384
1205682,322450100.0,340
1198359,162259660.0,65
1173028,217520800.0,728
1147059,271749540.0,420
1136904,254557840.0,725
1124236,289230000.0,726
1105123,228070100.0,704
1097046,113598400.0,48
1081307,230727520.0,100
1074375,199617740.0,216
1067840,260446080.0,1092
1061307,239403340.0,720
1055956,147305810.0,1040
1047490,329811680.0,1346
986381,180619540.0,1034
986345,290911230.0,660
984067,284607940.0,1130
980384,262074900.0,1344
958123,287941150.0,648
952730,182237120.0,134
951884,239177170.0,214
944253,199557900.0,518
929508,237993950.0,298
929360,90322390.0,33
929075,115747750.0,1028
928050,137282740.0,21
916121,213791140.0,521
909807,151829300.0,536
903673,265121740.0,1170
902068,217339900.0,834
901274,270918050.0,676
881022,213607700.0,838
869487,208517060.0,1094
867377,293154270.0,1128
865571,155667020.0,1110
859858,156979900.0,729
830252,253186260.0,552
827080,157142820.0,534
822650,78480920.0,257
822269,163570980.0,577
821148,96260850.0,3
820593,161214740.0,661
807819,119274290.0,1056
804763,187982510.0,308
804610,163875520.0,294
801012,246390270.0,1384
800813,157580560.0,388
800211,189479220.0,852
780032,125514420.0,152
771762,132049490.0,772
771459,92930210.0,1152
766322,162225630.0,1290
757277,173504620.0,354
756881,178002430.0,1362
751467,160151940.0,645
750120,132134290.0,392
745277,133961900.0,657
743430,167907400.0,1168
737621,155535580.0,1104
729204,169416670.0,180
719154,171185040.0,593
718027,158329570.0,1042
716295,140088510.0,601
712305,154578080.0,326
712015,159406770.0,1112
707058,132058460.0,770
706525,143721660.0,1296
705036,112875770.0,137
704220,185528000.0,98
692047,132708160.0,69
688180,114337850.0,42
680107,130745630.0,278
672662,161438430.0,1368
658113,123378460.0,140
656659,117956320.0,352
655679,139888340.0,356
645766,152331140.0,198
642245,99664750.0,262
638867,139904600.0,342
638034,121361080.0,693
629013,94496180.0,52
627934,172345310.0,564
620891,77679680.0,165
614515,110904740.0,581
602609,103520070.0,545
597254,114660480.0,788
592907,131649100.0,1160
592085,131714800.0,150
592015,90251200.0,181
586528,95499740.0,268
581512,115790310.0,538
580236,96508220.0,1282
570729,136200880.0,713
563889,123987830.0,588
563012,98809520.0,273
557149,138464700.0,616
550618,71382470.0,517
547148,111934670.0,804
545866,79431510.0,293
541185,100812980.0,213
539565,107313420.0,721
537646,79677920.0,265
537129,110312610.0,300
525234,123547230.0,546
524806,66912280.0,37
519991,107210540.0,1608
518204,87068750.0,400
517375,80835390.0,709
513437,145508100.0,778
496286,88413670.0,794
486924,65062790.0,792
486031,97628830.0,549
480377,104261130.0,1298
479625,68640240.0,641
478621,105410800.0,1314
478552,108223590.0,228
476332,64223830.0,289
462343,87897020.0,1058
462124,87971900.0,304
453148,84248210.0,81
450852,103525970.0,1316
447765,103024970.0,210
444375,67531310.0,533
441221,81402030.0,176
440832,88145940.0,1060
440394,69525170.0,416
439092,61612990.0,38
436932,92862680.0,172
432296,89863870.0,168
431266,63238780.0,141
427460,99901850.0,1360
423888,112373550.0,1064
420135,86843990.0,138
419633,100226780.0,710
419354,98351630.0,1378
417420,83624990.0,1238
416086,71942180.0,672
414499,61968180.0,790
410747,52666130.0,173
400294,53061590.0,44
395722,75152540.0,209
386385,36618180.0,1536
379375,81217480.0,1416
377201,92328950.0,560
377026,34515910.0,1025
374074,59250280.0,1312
369790,104378750.0,1320
367603,75532450.0,1169
361962,87928630.0,692
359960,46183480.0,13
352480,59893260.0,597
352196,65605300.0,277
350320,73562420.0,108
347069,60879650.0,565
346677,76795370.0,218
346396,67273690.0,1234
339712,75770550.0,1322
337239,54323840.0,1156
336076,63104840.0,1306
334610,40474780.0,161
332820,69598950.0,102
330665,68610910.0,658
328025,61023640.0,1882
321547,44562750.0,429
321038,39567090.0,261
317048,74060260.0,841
312529,49277890.0,197
312255,61590910.0,194
311009,80014150.0,1120
310921,61032160.0,662
308975,58698690.0,1242
304409,86913830.0,649
298838,97392370.0,1348
294394,46433850.0,677
293471,47573020.0,358
293049,56181290.0,524
289790,55589180.0,364
289079,43525210.0,642
288886,62879540.0,589
288115,78703510.0,872
288043,48568680.0,85
286055,51880430.0,1154
284060,52740240.0,332
280626,49987850.0,646
278782,42488640.0,608
278765,68206350.0,1122
277949,59050610.0,1178
276554,52633040.0,1284
275157,60925640.0,162
274192,51249580.0,612
272513,37254320.0,1050
271214,46318990.0,89
269523,46508520.0,1544
266266,46781520.0,291
264334,34095320.0,421
261984,31706680.0,25
257289,34223270.0,800
256771,51043130.0,733
254759,48183370.0,284
253751,45138960.0,870
252349,37477700.0,53
251364,43251590.0,217
249705,45468880.0,7
248584,53105320.0,78
247061,53402360.0,154
246043,38315650.0,329
245969,37117870.0,193
242946,43636410.0,428
240519,45729630.0,730
240406,33123370.0,1048
237891,40610580.0,1162
234428,33988820.0,537
232742,48998540.0,802
232511,46968960.0,1100
231535,35034940.0,785
231207,49681590.0,436
229665,32249670.0,821
228860,31233030.0,664
228366,50343950.0,550
227197,36632610.0,1366
226984,49709770.0,1108
226826,48756280.0,92
225957,37343640.0,774
225310,55253020.0,553
225152,54155600.0,1610
222801,41627320.0,1066
219740,26578600.0,789
217181,39164170.0,705
216915,45650810.0,1402
214269,41500690.0,1304
212805,27232680.0,1030
211100,28267950.0,309
210649,64088880.0,777
209943,46836860.0,424
209784,57646540.0,874
207238,40421070.0,202
206762,44269700.0,722
206425,30277310.0,177
205000,32868320.0,820
203764,24036640.0,49
202204,89352920.0,682
200785,27545670.0,1418
200224,71840710.0,554
199267,35744200.0,868
197578,25109390.0,769
194629,46380610.0,587
193555,29404330.0,224
193413,34791330.0,1232
193117,33735600.0,1097
193015,45155220.0,1350
191799,26826670.0,28
191545,22572310.0,301
189816,28149200.0,1434
186551,34961890.0,1224
186495,33310130.0,452
184231,38527250.0,310
183788,39885940.0,1609
183293,25508130.0,153
181960,21583320.0,41
181943,34015860.0,120
180683,27164010.0,857
179679,45397230.0,1376
175719,24888600.0,1600
173841,52492230.0,618
172566,27185310.0,561
172115,28502430.0,201
172055,31383030.0,1388
171109,31332510.0,204
165732,29505020.0,404
164351,25030490.0,402
164157,28653500.0,862
162444,34624990.0,166
162427,35386190.0,1444
161801,27494340.0,866
161588,32350880.0,859
161376,28850790.0,717
160167,27108970.0,806
159970,25594070.0,408
158165,37033350.0,617
157387,24804010.0,297
157245,36397370.0,1176
156659,30559170.0,484
156283,20215240.0,1041
155505,17963860.0,14
155501,28375010.0,116
155405,24815680.0,306
155044,25821920.0,1626
153657,30228350.0,456
153187,26752520.0,1240
148486,26890330.0,1174
148084,29126740.0,418
147968,19573800.0,11
147900,21788020.0,673
146943,18532030.0,35
146110,27719000.0,590
145077,25034880.0,275
144873,19733180.0,112
144578,19190770.0,1408
144316,30279950.0,1498
142971,42004090.0,652
142280,21175990.0,1036
141834,21970840.0,1426
141078,29521980.0,1222
140281,17243260.0,437
140059,24772500.0,877
139904,19735750.0,45
139131,16640930.0,805
138640,20912320.0,1216
138609,18800530.0,269
138171,25913060.0,1220
137557,20183660.0,689
136936,25635170.0,706
136831,28137930.0,1132
136582,19368230.0,665
135797,14487720.0,386
135677,28190530.0,77
134455,17263110.0,397
133406,27186960.0,1124
133340,23993050.0,849
133095,21930430.0,864
132627,31417740.0,740
131875,26569930.0,1292
131872,19864730.0,614
131556,42569290.0,650
131381,29039340.0,556
130660,29383580.0,620
130522,27042600.0,1864
129930,26436980.0,716
129906,14754220.0,50
129139,28344300.0,688
129094,24080920.0,396
129003,26050420.0,348
128650,21234180.0,75
128631,16419610.0,394
127722,25411590.0,604
126673,18368110.0,448
126633,29457890.0,808
126568,19914620.0,71
126324,26370320.0,1356
125340,25646190.0,1390
123720,15956780.0,321
123218,14050650.0,19
123154,20098560.0,1023
123115,19068800.0,1044
122081,26114310.0,566
121933,33061420.0,680
121383,15001600.0,393
120410,27100790.0,525
119961,24153390.0,1604
119489,29622750.0,714
119330,14330040.0,169
118781,12643630.0,385
118462,13833920.0,56
118034,21190360.0,1172
118015,14502420.0,67
117556,20164480.0,1424
116178,22061970.0,230
115371,19173330.0,1153
114909,13630640.0,259
113414,20553500.0,15
113215,19890310.0,876
112709,21164670.0,886
112587,23084220.0,1188
112091,19109330.0,376
111989,17199970.0,147
111762,22628050.0,372
111352,26419460.0,610
110462,21516190.0,1753
110103,25914180.0,118
109942,18906190.0,1236
109920,22453110.0,653
109316,12615100.0,1046
107851,19667460.0,1233
107696,19798690.0,727
106897,20851430.0,1750
106524,16419870.0,410
106389,11403920.0,417
105752,20711520.0,94
105431,21754080.0,1126
104649,20337570.0,1462
102907,16397270.0,295
102395,16973990.0,1318
102229,15667050.0,281
101479,18917390.0,605
101376,17974630.0,54
101247,14524580.0,844
100561,19838250.0,603
100525,24512090.0,1380
100464,14894300.0,1184
99856,11482920.0,1033
99826,21812560.0,1448
98965,32437830.0,810
98565,21082430.0,1300
98445,10754920.0,515
98062,15475380.0,244
97385,16398530.0,432
97011,16867700.0,1226
96950,12917380.0,401
96545,17248690.0,685
96499,15547390.0,732
95050,17861280.0,1387
94845,17833290.0,606
93945,20049930.0,1866
93494,13290860.0,1324
93030,20567600.0,380
92962,12027260.0,1105
92607,17382020.0,156
91852,18692670.0,904
91679,21041820.0,1606
91662,20990830.0,1546
91646,15981660.0,968
91014,16080300.0,1158
90780,19733980.0,890
90294,18686380.0,1406
90231,12011530.0,1089
90151,15980580.0,932
89998,9782410.0,389
89833,13838370.0,822
89646,16173410.0,1102
89304,9314670.0,1027
89296,13005190.0,801
88463,15031510.0,1432
88361,16300240.0,2046
88352,15136220.0,1754
87621,15310020.0,523
87569,14803410.0,464
87320,17962470.0,843
87006,16946920.0,312
86710,17308810.0,299
86571,25898050.0,170
86408,10217000.0,773
86387,17103500.0,1382
86345,17389960.0,232
86167,14951610.0,949
84900,14042620.0,1450
84592,16178710.0,1270
84237,13015650.0,579
84192,15615530.0,316
83641,14166460.0,1218
83454,13436960.0,255
83368,13422980.0,1746
83301,10687360.0,1289
82734,12831770.0,583
82601,10543920.0,425
82232,15333520.0,873
82021,13215240.0,860
81816,12121240.0,853
81647,12944180.0,438
81600,23025250.0,809
81554,13472540.0,337
81287,13861420.0,1622
81267,12600760.0,31
81127,17151840.0,182
80587,14502740.0,632
80533,13185310.0,422
80460,10947220.0,511
80324,9694750.0,896
80151,12863340.0,1161
79923,18180650.0,2010
79787,11891200.0,305
79435,13068630.0,900
78649,16331320.0,1480
78474,9642390.0,131
78422,11109340.0,1241
78096,14393010.0,302
77812,14925230.0,833
77325,22521060.0,1364
76975,18213550.0,562
75647,13237740.0,757
75387,14390070.0,378
75142,13471980.0,912
75119,17786990.0,1192
74807,12065970.0,122
74530,11523290.0,127
74487,11413410.0,793
74154,12804890.0,1171
74070,13483370.0,694
73929,14024480.0,982
73473,14375650.0,472
73342,14138550.0,1374
73231,14132250.0,1791
72832,15593380.0,731
72776,8813320.0,1540
72505,12951440.0,845
72441,10843420.0,135
72428,9138780.0,1552
72415,11093350.0,124
72144,11565590.0,1800
72123,11263000.0,97
71784,11901960.0,1535
71783,11222950.0,205
71647,13500380.0,1173
71604,14118140.0,246
71471,14941660.0,2039
71382,12202220.0,334
71347,12864810.0,1453
71339,14639050.0,1919
71037,14041490.0,283
70905,10742000.0,1602
70634,12322190.0,888
70328,9350490.0,1618
70119,13808930.0,347
69872,11427700.0,568
69635,9423520.0,1353
69437,12379270.0,1736
69251,11991020.0,220
69168,13364270.0,350
68886,11395250.0,267
68847,13210750.0,1358
68651,9618200.0,325
68507,14179910.0,1640
68496,14165750.0,628
68413,10268390.0,1717
68347,9804090.0,984
67929,9110170.0,345
67818,8635720.0,1113
67663,12051090.0,595
67624,10286750.0,240
67051,9063930.0,433
66970,11710530.0,1572
66926,8898560.0,270
66630,9913970.0,816
66329,7640630.0,1538
66213,12251790.0,964
65977,12744600.0,986
65434,10721290.0,1452
65252,8363690.0,63
65245,9670280.0,817
65146,14595920.0,1752
65101,11936210.0,474
65013,11961680.0,1164
64796,7905020.0,1792
64438,16990070.0,674
64354,12233820.0,1576
64282,18394630.0,744
64034,8667410.0,286
63678,10267040.0,630
63457,11187470.0,1440
63171,11975290.0,2015
62893,11544610.0,621
62734,10057510.0,1880
62513,13150530.0,1146
62438,11662410.0,1412
62433,8821750.0,368
62369,7802690.0,1568
62333,7997770.0,1057
61774,10208840.0,1099
61622,9400030.0,591
61579,9870950.0,1624
61066,9847590.0,1668
60896,10159070.0,1682
60856,10216840.0,1286
60832,10702670.0,126
60363,9615330.0,1874
60295,9118780.0,1808
60229,12898920.0,1371
59980,8083430.0,531
59864,12957080.0,1883
59578,13258560.0,1759
59479,8985110.0,1680
59449,9581260.0,1745
59164,12309210.0,1755
58953,10728210.0,366
58792,10569450.0,374
58178,7139140.0,1664
57257,10614990.0,1514
57137,10138170.0,1744
57109,6498230.0,1537
57105,9329380.0,1068
56918,10099140.0,2043
56813,11147460.0,468
56732,5922810.0,1029
56373,10259840.0,557
56302,8858260.0,151
55621,9418230.0,236
55477,11138180.0,426
55430,9420670.0,1545
55390,10458750.0,110
55364,7603790.0,30
55224,12007450.0,681
55030,6623160.0,1410
55027,9051660.0,405
55018,10230680.0,252
54852,8623640.0,846
54826,11162310.0,1611
54783,12445390.0,1420
54437,11792270.0,678
54429,10878670.0,735
54385,8641650.0,547
54380,9432810.0,2031
54263,9762410.0,1062
54123,8172530.0,1681
53537,10816490.0,382
53289,9806290.0,1625
53279,7115970.0,363
52900,9388110.0,1878
52852,7559290.0,105
52765,9567080.0,1672
52518,9183180.0,875
52446,8126650.0,1118
52425,6919290.0,361
52241,14380840.0,1115
51951,5503150.0,1281
51496,7244660.0,390
51203,8436030.0,248
51162,9488490.0,916
51105,8933400.0,948
51069,7944580.0,508
50773,8623500.0,1983
50689,9578740.0,1302
50471,9244090.0,1138
50363,8758650.0,2045
50315,12509100.0,779
50284,7267380.0,1116
50227,10132120.0,1400
49567,7148120.0,331
49530,9116800.0,780
49416,8210700.0,609
49392,9160400.0,1482
49212,10210420.0,736
49039,14049940.0,684
48853,8197830.0,488
48627,8639190.0,734
48617,7342320.0,1072
48388,8445190.0,504
47923,9556000.0,1022
47900,6575570.0,159
47822,5747610.0,837
47633,7784400.0,540
47518,8095590.0,510
47366,12127740.0,1254
47320,9282200.0,23
47189,9771170.0,894
47063,9312320.0,895
47050,10010070.0,1612
46910,8651690.0,87
46874,6273600.0,39
46789,8089600.0,1107
46742,6264700.0,79
46717,8520880.0,1394
46430,8632240.0,1442
46362,9760790.0,1898
46209,7406260.0,178
45864,9053980.0,1737
45709,7866290.0,851
45633,6803140.0,1091
45413,8365450.0,767
45341,9226480.0,434
45278,10167770.0,1398
45221,6726820.0,406
45204,8341050.0,760
45123,6760280.0,569
45036,6207000.0,2020
44887,10992760.0,1228
44880,5920920.0,1177
44841,6613920.0,526
44742,7388480.0,960
44630,7507350.0,435
44545,9128530.0,878
44269,7671940.0,1616
44240,6576290.0,480
44076,7105840.0,500
43835,7309650.0,1157
43613,6943690.0,43
43607,7054380.0,607
43566,8821820.0,1534
43484,6945930.0,639
43268,7517680.0,142
43202,8530600.0,599
43059,6610060.0,83
42968,6231820.0,884
42921,7752160.0,758
42905,7669510.0,996
42603,7946850.0,756
42534,7288190.0,624
42504,7173560.0,221
42497,8188190.0,1860
42325,7961040.0,1355
42312,6830020.0,1142
42269,8256330.0,466
42259,8467790.0,1186
42221,5619150.0,1279
42109,5955530.0,1802
42024,5931900.0,29
41985,8556130.0,765
41779,5185710.0,27
41547,7418830.0,1490
41424,6799620.0,1297
41373,9291460.0,666
41278,7181470.0,314
41201,6791800.0,1818
41054,8389350.0,1530
41053,6588650.0,91
40991,10362930.0,1496
40902,6074710.0,2044
40821,7745460.0,863
40807,7832580.0,1134
40442,5369280.0,263
40387,7843930.0,879
40370,5179260.0,60
40354,11337450.0,341
40192,8000690.0,2011
40115,7183200.0,633
39878,6791190.0,458
39592,5730020.0,1810
39578,5002050.0,157
39503,8679430.0,1757
39118,4821320.0,1417
39049,5782480.0,812
39020,6309760.0,742
38933,8684640.0,287
38889,7170580.0,761
38695,5164960.0,1828
38681,5468750.0,114
38648,7599660.0,2042
38611,6780840.0,1728
38322,6614500.0,1644
38302,7230780.0,1992
38244,9036680.0,1914
38231,5827280.0,215
38030,7401610.0,745
37858,6238630.0,989
37853,7444170.0,891
37780,6046940.0,1151
37462,5316230.0,1317
37440,6685380.0,470
37115,7502910.0,1237
37046,7334120.0,370
37020,5483460.0,1615
36979,6379310.0,1021
36944,5734320.0,333
36943,6329500.0,969
36801,5200710.0,46
36715,5745670.0,409
36665,8318410.0,1494
36577,4944460.0,613
36492,6657130.0,1460
36488,4646560.0,1445
36487,4131320.0,419
36390,5506620.0,787
36386,5867120.0,365
36297,5912570.0,551
36284,6233630.0,1732
36281,4769490.0,1553
36163,5701100.0,1016
36098,8113290.0,1332
36076,5308920.0,493
35903,5059500.0,976
35806,6881080.0,695
35688,5680350.0,813
35680,6759280.0,1155
35662,4513510.0,1425
35653,6435110.0,1749
35647,5149520.0,254
35472,5684410.0,1617
35353,7679600.0,1252
35267,6166820.0,158
35238,4701940.0,319
35218,5622260.0,2040
35180,8466680.0,1372
35093,7432080.0,1243
34951,6682540.0,970
34878,4991350.0,279
34784,5934130.0,914
34593,3655810.0,1031
34373,5481630.0,796
34109,6498000.0,892
34101,6017980.0,460
34081,4454700.0,307
34069,5830860.0,985
34051,5765320.0,634
34027,6451600.0,1334
33922,6620230.0,1887
33843,6982030.0,1734
33807,6642190.0,1642
33780,5960290.0,222
33769,6218930.0,1988
33728,4535830.0,1554
33716,4531470.0,818
33704,5689210.0,285
33676,6624360.0,619
33656,5535100.0,492
33435,4466390.0,318
33431,6010910.0,882
33411,5697230.0,749
33350,4631640.0,303
33321,4547260.0,1043
33280,4088100.0,1049
33278,6985970.0,1918
33246,3970930.0,1059
33231,8236970.0,906
33198,4663070.0,1315
33178,5584710.0,1856
33177,5596700.0,1144
32938,4645440.0,163
32870,5009300.0,1246
32861,6012510.0,1620
32745,5524820.0,905
32732,5497640.0,1896
32715,5748880.0,226
32714,5039390.0,95
32672,4570030.0,1095
32670,4249340.0,869
32617,4242340.0,741
32399,6858580.0,93
32337,3846890.0,519
32311,4913580.0,539
32310,5163170.0,1446
32276,4468070.0,1165
32257,6707390.0,1613
32246,5227750.0,622
32192,5847940.0,184
32112,6276980.0,1000
32062,4920880.0,1748
32003,4680890.0,1872
31883,4788480.0,1093
31795,5497610.0,1014
31708,5423510.0,1865
31580,4978610.0,795
31506,7667070.0,2006
31451,6873850.0,2038
31439,5128440.0,1020
31337,4081550.0,669
31282,7028690.0,781
31224,3965790.0,1313
31217,4304560.0,1061
30935,5751010.0,1751
30935,5069050.0,855
30845,4182210.0,861
30745,4074360.0,2023
30624,5481690.0,638
30613,5226620.0,980
30557,4154420.0,1461
30407,5341700.0,1196
30193,4813600.0,951
30177,5118100.0,1862
30137,4532390.0,2041
30090,4452440.0,803
29892,5771430.0,1150
29785,3452120.0,575
29690,5345220.0,1518
29642,4662570.0,1700
29468,4629380.0,1385
29433,5196220.0,454
29425,4252390.0,440
29421,4447100.0,572
29329,7608090.0,1512
29231,3129070.0,1205
29212,6342330.0,1526
29140,5656270.0,1627
29129,4687850.0,871
29095,4059600.0,1197
29057,3764720.0,1936
29045,6635140.0,1194
28744,5203990.0,555
28716,5201730.0,1867
28636,5234210.0,1012
28632,5327670.0,1886
28546,4257420.0,998
28513,4098970.0,1999
28443,4040920.0,143
28398,5336100.0,752
28302,4106510.0,920
28292,4521560.0,1785
28217,4787960.0,1993
28189,3490470.0,101
28078,3876190.0,496
28027,4485790.0,383
27952,3043930.0,58
27890,4242940.0,1323
27870,4315030.0,139
27865,5105670.0,981
27748,5067250.0,412
27616,5555750.0,1910
27592,4184500.0,626
27567,3884970.0,917
27541,6133270.0,1499
27515,6709550.0,1239
27475,5158580.0,1758
27457,5426570.0,1782
27384,4308020.0,966
27356,3738310.0,357
27327,3176500.0,229
27230,5188110.0,636
27206,4034150.0,1129
27086,3873030.0,1673
26999,4528490.0,1136
26948,5701310.0,339
26794,4907020.0,1175
26772,4070210.0,541
26651,3235670.0,1569
26411,3883500.0,1601
26381,6156840.0,811
26293,4664660.0,1308
26268,5540390.0,1407
26203,5804770.0,1018
26177,4521360.0,527
26162,3923980.0,928
26153,3387660.0,1449
26132,4024050.0,1470
26057,4017390.0,922
26019,5262840.0,444
26013,7020260.0,746
25981,4217640.0,486
25972,3110200.0,1562
25896,4871990.0,1321
25862,3550230.0,913
25846,3499170.0,1045
25845,3836220.0,2036
25830,3375960.0,461
25804,3364260.0,771
25772,4692460.0,1938
25734,4103460.0,1570
25729,5164830.0,1299
25641,4383040.0,311
25640,6541460.0,1508
25635,3698540.0,668
25572,5960850.0,663
25544,4598750.0,1614
25521,2983870.0,798
25507,3510440.0,1459
25498,3325380.0,271
25446,4344170.0,1484
25421,3757710.0,807
25378,3270580.0,51
25337,4791030.0,1915
25326,4108110.0,1225
25298,3703410.0,237
25271,4959070.0,47
25216,4767290.0,1428
25186,3476850.0,1709
25148,3799290.0,825
25110,5017820.0,715
25106,3696210.0,1900
25060,3080840.0,353
25044,5039840.0,1179
24967,3878140.0,1928
24955,2416830.0,1039
24916,4359430.0,893
24883,3418660.0,323
24850,3387380.0,933
24804,3248740.0,839
24725,3787220.0,829
24667,3839990.0,1463
24486,4113910.0,109
24426,3503680.0,2032
24418,4181760.0,978
24415,3572870.0,1291
24375,4608520.0,1076
24343,6023530.0,558
24337,3556070.0,2009
24148,4276260.0,188
24147,3473620.0,1663
24120,2953600.0,1189
23966,4528090.0,823
23828,3515470.0,2000
23801,5235930.0,2014
23738,3182380.0,1103
23710,4126640.0,1404
23680,6775570.0,1190
23627,4644520.0,1488
23599,2330380.0,485
23588,3608270.0,219
23578,3779190.0,1278
23537,3855170.0,950
23523,4832580.0,2024
23468,3526820.0,430
23445,3259950.0,1101
23385,4254820.0,2002
23339,3587610.0,835
23321,3731280.0,1005
23318,3779530.0,1472
23309,3965350.0,1294
23291,4003750.0,1454
23278,3395350.0,327
23273,4315510.0,206
23273,4084200.0,1631
23243,5777750.0,1789
23154,3252920.0,1951
22968,3112100.0,245
22964,4764860.0,1013
22870,2777910.0,1560
22851,3482790.0,880
22761,2906350.0,1183
22746,3040060.0,403
22714,3899280.0,941
22668,3687600.0,723
22649,3868560.0,1738
22647,4379640.0,748
22620,5007000.0,990
22606,3385140.0,1684
22501,2571340.0,918
22469,4686530.0,2029
22415,3219940.0,457
22402,3628820.0,764
22396,2763620.0,1441
22368,3291750.0,1065
22350,3339950.0,701
22334,3124960.0,1984
22299,2802720.0,1035
22281,2670320.0,1924
22277,2734740.0,1796
22269,4540280.0,62
22204,2860170.0,1701
22138,3655100.0,885
22053,3365990.0,629
22043,3993140.0,1471
22023,3982200.0,1516
22020,3105860.0,828
21999,4111670.0,1502
21965,3965410.0,1326
21942,3111270.0,1111
21866,2922560.0,1855
21858,2776980.0,355
21837,3067300.0,450
21791,4155350.0,1235
21767,3204170.0,1330
21747,3260490.0,1641
21621,2947870.0,988
21561,3051290.0,1690
21510,2577740.0,1038
21500,2572110.0,1920
21476,4187500.0,1015
21459,3740540.0,490
21375,3567500.0,1858
21371,3665440.0,718
21365,3599490.0,1946
21354,2815810.0,543
21348,2712080.0,199
21327,3792050.0,1975
21320,4094970.0,502
21305,2755760.0,647
21295,2921980.0,1182
21238,2822380.0,57
21236,3600290.0,1458
21218,2530300.0,1665
21202,3429410.0,1871
21191,3476570.0,659
21181,2692810.0,711
21148,3902630.0,991
21055,3738260.0,2008
21016,3246840.0,697
20992,2912100.0,107
20929,3036070.0,1451
20848,3130730.0,865
20818,2967210.0,1074
20815,2875700.0,445
20798,3960100.0,934
20772,3651930.0,847
20744,2784270.0,1193
20708,4154700.0,1017
20683,2626240.0,1274
20681,4747760.0,2033
20672,5639090.0,1403
20657,3460040.0,1244
20617,2721090.0,824
20616,3950070.0,1902
20614,2881240.0,155
20597,3426520.0,482
20495,3060040.0,1956
20490,3773090.0,1636
20445,2532290.0,1548
20294,2642620.0,542
20294,4435940.0,690
20293,3631030.0,1685
20292,2601580.0,183
20200,2410370.0,1539
20169,2040630.0,1580
20062,2960300.0,625
20049,3145820.0,1185
20009,3120530.0,1328
19909,3720460.0,987
19879,2629980.0,439
19868,2702010.0,1109
19865,4158500.0,1903
19854,3929260.0,1202
19851,2664540.0,167
19766,3134820.0,1119
19762,4995070.0,174
19754,2097220.0,189
19736,3476480.0,1741
19729,3230360.0,567
19620,2162130.0,179
19571,3030360.0,623
19553,3177720.0,1881
19549,3320270.0,889
19456,3483260.0,211
19428,3249970.0,1131
19381,2938820.0,753
19341,4256660.0,651
19322,2560480.0,573
19308,3026120.0,1180
19301,3246310.0,234
19275,3151750.0,1256
19258,4328250.0,1206
19235,2839220.0,191
19196,3354100.0,1994
19083,2994820.0,1204
19043,4867110.0,1375
19043,2632250.0,225
19000,2612010.0,1573
18942,2482930.0,1816
18886,3260380.0,1266
18882,4576470.0,1391
18824,3939530.0,1790
18790,2495960.0,317
18769,4208580.0,119
18761,2278650.0,1409
18751,3390400.0,2007
18735,1942810.0,1087
18659,3356470.0,696
18607,2525600.0,1345
18555,2754380.0,2035
18545,2584560.0,535
18484,2697540.0,973
18332,3489540.0,1392
18329,3922550.0,1476
18326,3694340.0,1519
18319,2190360.0,1801
18302,2517060.0,898
18290,3520270.0,2022
18268,3327220.0,887
18262,2461550.0,1794
18259,3613000.0,1466
18209,3094390.0,1283
18153,2142380.0,1421
18140,3437400.0,1899
18137,3384730.0,1531
18128,3439420.0,1894
18040,2919070.0,1245
17919,3308380.0,766
17918,2854540.0,99
17865,3493150.0,1427
17838,2500260.0,411
17783,3331110.0,1783
17783,3636370.0,1217
17739,3333450.0,1430
17733,2747520.0,1556
17730,2692120.0,1831
17646,2025460.0,1561
17639,2339590.0,1325
17625,2044950.0,1991
17548,3193020.0,1455
17459,2884220.0,431
17432,1554470.0,1055
17389,2502390.0,1670
17370,2414830.0,1551
17337,2409990.0,241
17308,3307140.0,476
17300,2144640.0,1008
17282,2228000.0,1285
17278,3814440.0,1363
17268,2254750.0,1892
17246,2065110.0,1159
17238,2308610.0,1619
17190,2680500.0,635
17164,2953190.0,1901
17157,1989720.0,1037
17105,2891940.0,1645
17096,4439220.0,938
17082,2959990.0,1973
17057,3032490.0,223
16932,2476040.0,359
16919,2747750.0,977
16908,2394100.0,867
16908,3124270.0,1630
16848,4047150.0,1002
16823,3245520.0,1990
16820,3144160.0,1517
16811,2290780.0,1577
16807,2595700.0,1747
16729,2772580.0,1638
16724,2700670.0,2003
16722,2255520.0,1319
16667,2244150.0,1811
16644,2517850.0,1438
16497,3024490.0,2037
16480,3275700.0,759
16477,2187660.0,509
16467,3046960.0,1436
16439,2201220.0,782
16427,3034910.0,2027
16425,2240540.0,1713
16382,2414100.0,992
16320,4580860.0,1500
16316,2337160.0,1361
16258,2135210.0,1457
16248,2080600.0,1669
16240,2598250.0,1686
16220,2719310.0,637
16206,3145190.0,1230
16127,3315020.0,1766
16095,3135480.0,1019
16081,2659410.0,313
16075,2215020.0,1542
16068,2213000.0,831
16031,3085400.0,1007
16014,2225970.0,1469
16007,2570440.0,2025
15972,3464550.0,1248
15864,3474470.0,1310
15839,1807620.0,1293
15826,2447970.0,1683
15789,2679570.0,1657
15768,2991810.0,351
15735,2501580.0,1422
15670,1945370.0,2016
15621,2875060.0,1369
15594,3120250.0,983
15526,2748800.0,1515
15517,2065760.0,1666
15464,2397130.0,1578
15436,2289420.0,1166
15407,3666410.0,936
15405,2803570.0,1532
15371,1921290.0,185
15361,2400770.0,427
15345,2382370.0,103
15334,2131820.0,61
15332,2469250.0,1674
15330,2797100.0,957
15327,2766100.0,959
15281,1649060.0,1201
15259,2275540.0,1798
15247,3058620.0,2026
15188,2084130.0,1200
15168,2571730.0,1632
15127,2856210.0,819
15052,4628000.0,686
15045,2787960.0,1001
14962,2972380.0,2013
14959,3515480.0,1528
14940,2177520.0,55
14925,1830670.0,1824
14885,3160270.0,1503
14882,1359820.0,453
14876,2464010.0,570
14852,2551530.0,242
14835,3056650.0,762
14828,2167820.0,1607
14799,2423600.0,1981
14746,2342180.0,1730
14724,1794150.0,902
14676,2775100.0,930
14658,2414800.0,1995
14620,2021200.0,897
14601,2086030.0,962
14594,2459330.0,1307
14589,2109300.0,1163
14582,2550180.0,1719
14552,2518150.0,1443
14499,2298880.0,1004
14493,2200900.0,1689
14490,1598190.0,1823
14432,2869630.0,1510
14410,1653260.0,1799
14317,3007530.0,1260
14302,2522530.0,1876
14298,2459810.0,1740
14219,2420000.0,719
14159,2602830.0,487
14153,2234390.0,1389
14124,1924390.0,1929
14055,2117380.0,1716
14047,1887340.0,563
14040,1814260.0,643
14032,2012680.0,1643
14009,2263990.0,1557
13985,1945920.0,1605
13981,2005830.0,1247
13930,2103250.0,1140
13925,1877960.0,1688
13920,1976950.0,1574
13905,2301810.0,1467
13868,1982840.0,113
13840,1561460.0,1697
13791,2440950.0,1301
13781,1527100.0,1167
13759,1717490.0,1541
13753,1704840.0,398
13675,1612960.0,797
13671,2387890.0,1396
13669,1872020.0,1875
13665,1895890.0,175
13664,2376260.0,506
13644,2536410.0,971
13624,2565370.0,1271
13600,1893330.0,921
13579,1867510.0,1937
13566,2072540.0,1974
13556,1584080.0,387
13548,1963690.0,671
13543,1470150.0,1809
13498,2996570.0,654
13435,2096100.0,1729
13406,2047320.0,233
13373,2095870.0,195
13317,3435510.0,1845
13270,1971810.0,1051
13259,2015850.0,447
13258,2160720.0,465
13244,2488410.0,1832
13229,2064850.0,559
13224,1941260.0,737
13213,2059330.0,814
13183,2366340.0,1646
13168,2356920.0,1080
13166,2700070.0,1121
13149,2291740.0,1478
13138,1670560.0,1829
13127,1654930.0,423
13064,2868340.0,1786
13045,1869950.0,655
13035,2325700.0,1258
12999,1607360.0,1589
12986,2343320.0,1773
12976,1922080.0,1696
12969,1931210.0,574
12947,1947970.0,1148
12931,2787900.0,1365
12814,2409140.0,1338
12807,1969810.0,826
12775,1663190.0,2001
12752,1714740.0,1725
12726,1700770.0,1357
12638,1694460.0,1793
12577,2209900.0,1456
12562,1502030.0,1603
12544,1507550.0,791
12544,1978690.0,253
12530,1560430.0,449
12513,2623980.0,1965
12502,2149350.0,1078
12470,1854890.0,937
12466,2252280.0,1781
12459,2152300.0,1704
12458,1973950.0,349
12451,1469260.0,1807
12428,2094280.0,1787
12385,2336920.0,473
12373,2390060.0,1492
12362,2626650.0,2028
12307,1596420.0,1311
12299,1693150.0,1939
12299,1785400.0,1830
12289,2782460.0,2030
12248,1672270.0,1812
12235,1522340.0,2021
12206,1916050.0,315
12187,2585570.0,1967
12180,2032950.0,1718
12179,1651420.0,908
12164,1357860.0,1543
12131,2338010.0,1588
12095,2024530.0,367
12047,1340990.0,1795
12041,1841890.0,1868
12021,1818820.0,1764
11987,2370210.0,703
11961,1210570.0,415
11945,2369950.0,700
11943,1881010.0,1187
11941,1493280.0,1768
11920,1690840.0,667
11893,1721520.0,59
11784,2110180.0,1414
11735,1453860.0,927
11730,1460070.0,1052
11713,1557650.0,413
11705,1277230.0,231
11685,1619480.0,972
11683,1497710.0,1203
11622,1338060.0,909
11621,1268120.0,1433
11602,2534740.0,683
11579,1566280.0,1695
11550,1659570.0,335
11544,1566030.0,1067
11533,1645250.0,117
11529,1863150.0,1727
11526,1893160.0,611
11514,1160420.0,1621
11511,1286500.0,1599
11508,1981460.0,238
11503,2126350.0,343
11475,1431360.0,615
11465,1379110.0,1295
11440,1826380.0,1826
11417,1353490.0,1343
11297,1437820.0,799
11290,1550880.0,1413
11284,1507440.0,1305
11266,2024050.0,1003
11266,1970480.0,478
11255,2227260.0,498
11229,1903820.0,249
11222,1636730.0,1347
11204,1666060.0,1070
11181,1232170.0,1705
11163,1301200.0,395
11163,1544970.0,1327
11132,1626900.0,1930
11132,1973290.0,1229
11095,1616580.0,944
11085,1582830.0,250
11073,2366990.0,1776
11060,1631770.0,1879
11033,1311650.0,1677
10995,1494170.0,881
10993,2046070.0,1486
10932,1592470.0,945
10927,1781650.0,1935
10907,2266190.0,1769
10906,1596490.0,1435
10874,1950680.0,1834
10872,1629690.0,1547
10870,1869820.0,1870
10852,1780010.0,1629
10821,1684360.0,1743
10801,1694320.0,442
10772,1058130.0,399
10743,1457980.0,1054
10690,1295490.0,1927
10657,1597040.0,203
10653,1116710.0,1214
10648,1868330.0,1911
10623,1200490.0,1481
10616,1629180.0,111
10613,1622840.0,1264
10567,2012970.0,1584
10535,1782130.0,1522
10522,1369480.0,207
10521,1859370.0,1367
10484,1560910.0,1268
10482,2082170.0,1784
10429,1641270.0,1474
10401,1351030.0,1223
10384,3437950.0,1006
10379,1489770.0,441
10361,1598050.0,830
10312,1810060.0,1272
10306,1753000.0,1549
10306,1594700.0,1863
10262,2159250.0,1897
10254,1523600.0,1073
10253,1579250.0,1959
10251,1784490.0,1895
10238,1667100.0,190
10227,1810230.0,1827
10131,2048470.0,1687
10127,1726120.0,1654
10126,1204640.0,775
10111,2088850.0,1658
10106,1313770.0,940
10063,1268570.0,1555
10045,1321610.0,1623
10029,2023720.0,1527
9978,1839220.0,1250
9976,1570120.0,121
9953,1640970.0,1756
9918,1147240.0,1671
9906,1715680.0,475
9821,1270000.0,929
9815,1051020.0,1803
9788,1723320.0,687
9783,1264590.0,1063
9778,1528590.0,469
9776,1667470.0,446
9737,2522560.0,1942
9721,1463870.0,883
9705,1267360.0,1123
9688,1070770.0,1825
9687,1403280.0,1819
9674,1574200.0,670
9621,1737840.0,738
9529,1412350.0,494
9499,2553140.0,907
9476,1177860.0,1221
9444,1495960.0,171
9403,1441020.0,462
9359,1714960.0,827
9359,2073040.0,1742
9356,1169550.0,1419
9355,1319170.0,1558
9323,1405720.0,1844
9312,1256280.0,443
9294,1109640.0,1571
9198,1548840.0,1691
9168,1359990.0,1333
9157,1084800.0,1210
9138,1698290.0,1504
9065,1304900.0,1133
9057,972810.0,1567
9057,954980.0,901
8978,1058970.0,373
8960,1130800.0,1379
8938,2486390.0,1774
8932,1585170.0,1468
8910,1305940.0,1506
8906,1456160.0,994
8884,1864000.0,1662
8884,1230140.0,1957
8841,1012880.0,2019
8835,1616450.0,1739
8800,1135680.0,1634
8781,1639200.0,1647
8760,1636720.0,1349
8739,2650550.0,1147
8736,1288270.0,1117
8717,1851250.0,1775
8716,1182380.0,1069
8712,1405390.0,1947
8709,1327030.0,1733
8705,1317780.0,997
8675,2249270.0,1659
8646,1292880.0,1009
8639,1629400.0,1676
8626,954590.0,1489
8621,1506590.0,1336
8617,1142550.0,707
8587,1048780.0,965
8559,1591520.0,975
8548,943020.0,1215
8535,1540440.0,1359
8524,1096240.0,1585
8523,1179000.0,631
8502,1861010.0,1010
8487,1976350.0,247
8394,1046570.0,1590
8340,1399640.0,679
8337,1310420.0,1912
8288,970240.0,1077
8272,1478150.0,815
8268,987310.0,1207
8251,1603830.0,1524
8243,1156360.0,391
8198,1040260.0,501
8190,1196940.0,2004
8180,1501700.0,1439
8178,1080350.0,1846
8163,1511350.0,1533
8135,1602080.0,123
8124,835450.0,407
8121,1090380.0,414
8117,1074970.0,1869
8116,1513270.0,1276
8095,1205320.0,186
8079,897940.0,1817
8076,1274510.0,571
8000,1379350.0,115
7999,1188260.0,1340
7990,1406030.0,1628
7977,1488000.0,1181
7973,1028820.0,1575
7965,1316520.0,1497
7960,905970.0,1989
7959,1723970.0,1082
7948,1391520.0,783
7939,1307150.0,495
7909,1060200.0,961
7882,1580500.0,750
7877,1428130.0,999
7875,1431000.0,1982
7850,1171900.0,1814
7755,1428900.0,1839
7732,1917140.0,698
7726,1342300.0,751
7698,1125630.0,1997
7676,1011310.0,489
7661,1201060.0,923
7648,1203830.0,946
7645,1627880.0,1706
7606,947480.0,481
7527,1475910.0,379
7523,1076690.0,1581
7516,1005910.0,915
7502,1115570.0,1985
7497,1222490.0,953
7476,888490.0,497
7461,1434310.0,1877
7403,1428650.0,763
7396,1335170.0,1656
7372,1436670.0,924
7344,1157160.0,2034
7318,1894070.0,1888
7314,1309160.0,1485
7307,1076110.0,1916
7299,1326020.0,2005
7294,968210.0,925
7288,1008530.0,1921
7263,1582580.0,1262
7243,1194120.0,1890
7241,1330300.0,955
7238,1340130.0,1917
7210,1198840.0,1429
7195,1386110.0,1267
7189,1058990.0,1922
7146,1284630.0,1788
7120,1104760.0,1198
7083,1002930.0,1884
6966,935810.0,1047
6965,1095910.0,1735
6935,1200710.0,125
6929,1107030.0,1464
6878,1410640.0,1275
6873,966240.0,505
6857,1019690.0,1944
6850,892040.0,1906
6847,1040920.0,1873
6847,1223110.0,1303
6821,2559890.0,1772
6818,908450.0,627
6811,1003550.0,375
6797,1144170.0,1979
6780,856310.0,1227
6731,1827120.0,1381
6699,1178350.0,507
6681,1013680.0,381
6661,1559420.0,1835
6639,797220.0,1329
6606,886880.0,1971
6586,1362700.0,1996
6563,880460.0,1287
6532,906120.0,1342
6522,1216240.0,377
6483,926130.0,1760
6468,918710.0,675
6462,911690.0,1513
6424,1173590.0,974
6401,646170.0,1273
6394,784470.0,911
6389,856960.0,1135
6366,1222120.0,958
6361,1099410.0,503
6323,851240.0,1836
6318,984720.0,1908
6316,973060.0,1861
6311,700810.0,1431
6297,873680.0,1563
6290,738530.0,1377
6261,944950.0,1943
6250,943690.0,1411
6249,915150.0,1813
6248,1151350.0,1509
6229,955440.0,1447
6226,937480.0,2012
6216,1179160.0,479
6154,727380.0,1931
6140,1079170.0,1491
6099,870800.0,1261
6095,945950.0,1075
6095,1065820.0,1972
6088,4248040.0,1397
6083,783740.0,1907
6046,1304350.0,942
6004,821300.0,251
5999,1008280.0,979
5967,758280.0,2017
5958,1087720.0,1708
5949,850960.0,1945
5899,650050.0,1969
5893,1027340.0,1351
5888,905680.0,1847
5846,882950.0,1127
5830,703750.0,1815
5822,1235310.0,1960
5811,822060.0,1277
5796,1049650.0,1501
5786,904160.0,1885
5773,1272770.0,747
5763,1069850.0,1373
5763,656210.0,1923
5741,1053930.0,952
5734,1051550.0,1495
5721,1162440.0,1837
5710,1002080.0,1940
5706,692220.0,1679
5684,947730.0,1483
5673,924590.0,459
5670,951070.0,691
5626,820420.0,935
5625,1147910.0,1962
5602,1078570.0,1125
5592,1053720.0,954
5564,564390.0,1955
5551,940640.0,1780
5529,832180.0,239
5489,845320.0,1633
5461,832460.0,1702
5458,776020.0,919
5453,953000.0,956
5452,1314330.0,1399
5445,1024800.0,1639
5419,824220.0,477
5414,911290.0,1071
5412,759850.0,1987
5408,689690.0,1331
5398,661190.0,899
5393,968840.0,1998
5378,839250.0,1195
5342,1053750.0,702
5321,694520.0,1952
5312,1315580.0,1954
5309,691970.0,1579
5268,938860.0,1550
5263,865370.0,1926
5231,895450.0,754
5170,660360.0,1715
5162,619310.0,369
5154,700220.0,1559
5136,1012530.0,1465
5128,794150.0,2018
5123,667130.0,1804
5113,1094230.0,1423
5085,663960.0,1437
5059,701930.0,1265
5052,1161310.0,227
5048,840790.0,187
5038,967530.0,1698
5025,797360.0,1964
5021,641290.0,1797
5014,1032910.0,1958
5002,735630.0,1219
4982,710910.0,1660
4976,816990.0,1667
4974,712750.0,1231
4972,724120.0,947
4955,1107130.0,967
4953,661140.0,1339
4932,715860.0,1383
4876,931450.0,1833
4876,899300.0,943
4871,1002140.0,1675
4857,624580.0,1805
4854,743530.0,1208
4823,707670.0,1523
4803,524280.0,1635
4784,695250.0,1777
4779,577060.0,1925
4769,720040.0,1852
4754,844570.0,1913
4733,787350.0,1257
4730,1046750.0,1139
4720,985590.0,1711
4704,632930.0,1655
4687,811610.0,467
4686,913300.0,1771
4680,687720.0,1011
4673,747920.0,1520
4670,744280.0,1143
4662,619810.0,1767
4658,545000.0,1953
4650,877020.0,1335
4633,802650.0,1661
4603,957970.0,1770
4564,745410.0,1712
4544,830430.0,1191
4534,1008480.0,1966
4516,756640.0,910
4492,526320.0,1637
4490,745810.0,1941
4482,1054990.0,1249
4450,574730.0,1857
4432,710100.0,1493
4431,665660.0,1199
4427,728210.0,1652
4412,463950.0,1587
4404,584990.0,1693
4391,606070.0,1591
4383,592450.0,1822
4364,683050.0,1211
4358,549110.0,1081
4355,721520.0,1961
4353,742560.0,1841
4334,652310.0,1932
4329,779390.0,939
4312,683730.0,1778
4310,683870.0,743
4277,558850.0,1859
4274,642700.0,1986
4258,738360.0,1779
4248,622130.0,491
4235,577810.0,463
4232,516450.0,1593
4204,648330.0,371
4198,785250.0,1525
4182,835630.0,1710
4181,683400.0,499
4169,720680.0,243
4155,731470.0,1137
4132,872820.0,1889
4115,577140.0,1950
4095,660340.0,1586
4085,548460.0,1053
4080,621860.0,1851
4048,859570.0,1650
4046,636210.0,1529
4039,818530.0,1893
4030,538220.0,1145
4022,580240.0,1806
4019,548640.0,1651
4015,463810.0,1714
4006,702970.0,451
3966,774970.0,471
3950,592690.0,1933
3916,395200.0,1565
3916,838260.0,1707
3878,583960.0,1963
3876,397390.0,1212
3876,470840.0,1699
3858,539590.0,1843
3858,581770.0,1086
3854,502690.0,963
3834,535990.0,1415
3791,583450.0,1978
3777,571200.0,1853
3744,601780.0,455
3741,583700.0,1731
3731,561540.0,1703
3723,490560.0,1084
3669,533630.0,1255
3668,834030.0,1592
3583,447480.0,1505
3573,596370.0,1694
3565,762090.0,1309
3545,397860.0,1213
3535,622740.0,1854
3514,433000.0,1653
3495,559650.0,755
3466,450250.0,993
3446,383300.0,1209
3431,529400.0,1511
3415,476740.0,1582
3362,524380.0,699
3349,858620.0,1253
3348,579640.0,1595
3345,579890.0,1949
3340,492910.0,1904
3307,697740.0,1977
3280,606110.0,1079
3268,453930.0,926
3267,512200.0,1980
3257,589750.0,1722
3233,577710.0,1405
3208,560540.0,483
3208,385630.0,1564
3198,495400.0,931
3186,522160.0,1648
3177,495600.0,1840
3151,492210.0,1721
3107,504440.0,1583
3075,476290.0,1765
3054,504350.0,1891
3043,530380.0,1909
3034,429380.0,1487
3022,502950.0,1838
3019,329170.0,1821
3014,413370.0,1649
2967,614950.0,1263
2892,334180.0,1083
2871,456020.0,1726
2857,537360.0,1692
2849,370700.0,1905
2846,371030.0,1473
2843,387360.0,1948
2839,400620.0,1820
2834,635450.0,1723
2798,456010.0,1395
2778,355650.0,903
2760,480680.0,1401
2732,451480.0,1259
2700,429720.0,1341
2698,753020.0,1970
2663,592990.0,1594
2655,339280.0,1269
2644,420750.0,995
2627,365980.0,1761
2585,382230.0,1762
2557,522270.0,1597
2528,368070.0,1842
2521,335500.0,1149
2472,452210.0,1968
2469,420940.0,1678
2456,387180.0,1849
2429,865600.0,1934
2374,351390.0,739
2339,391420.0,1337
2328,530960.0,1720
2294,417100.0,1850
2226,301930.0,235
2203,304650.0,1251
2203,362310.0,1596
2185,359280.0,1475
2182,280400.0,1763
2175,433690.0,1976
2141,350570.0,1507
2117,262880.0,1085
2093,362370.0,1141
2033,329560.0,1724
1968,285160.0,1566
1915,367130.0,1848
1814,243420.0,1477
1812,236890.0,1598
1780,256050.0,1479
1697,250340.0,1521
1616,176170.0,1393
